dataset_size,algorithm,run,build_s,positive_us,negative_us,positive_queries,negative_queries,fpr_queries,false_positives,fpr_pct
100000,Linear Search,1,0.0002772000000000052,523.6569,1127.004,1000,1000,0,0,0.0
100000,Linear Search,2,0.0002466999999999331,536.5141999999998,1069.9669000000004,1000,1000,0,0,0.0
100000,Linear Search,3,0.0002564000000000455,528.2388999999998,1099.4353,1000,1000,0,0,0.0
100000,Binary Search,1,0.014441899999999563,1.3133000000005168,1.4033000000006624,1000,1000,0,0,0.0
100000,Binary Search,2,0.01397460000000006,1.2413999999996148,1.519300000000001,1000,1000,0,0,0.0
100000,Binary Search,3,0.013937699999999609,1.566200000000073,1.5846999999995504,1000,1000,0,0,0.0
100000,Hash Table,1,0.23040200000000066,1.0265000000000415,0.8670000000003951,1000,1000,0,0,0.0
100000,Hash Table,2,0.2193529999999999,1.0057999999997236,0.9225999999999955,1000,1000,0,0,0.0
100000,Hash Table,3,0.22862779999999994,1.0661000000000698,0.9584999999994182,1000,1000,0,0,0.0
100000,Bloom Filter,1,0.2462365000000002,2.531000000000283,1.9905000000006723,1000,1000,1000,8,0.8
100000,Bloom Filter,2,0.2445257999999999,2.5087000000008075,2.186400000000255,1000,1000,1000,8,0.8
100000,Bloom Filter,3,0.23682809999999943,2.277600000000213,2.0911999999997377,1000,1000,1000,8,0.8
100000,Cuckoo Filter,1,0.23378359999999976,2.3547999999999902,2.463000000000548,1000,1000,1000,0,0.0
100000,Cuckoo Filter,2,0.23017170000000053,2.401199999999548,2.5006999999996893,1000,1000,1000,0,0.0
100000,Cuckoo Filter,3,0.2311551999999999,2.380300000000446,2.504599999999968,1000,1000,1000,0,0.0
1000000,Linear Search,1,0.004104300000000005,5586.8333999999995,11162.200600000002,1000,1000,0,0,0.0
1000000,Linear Search,2,0.004166500000000184,5557.135499999998,11104.010800000004,1000,1000,0,0,0.0
1000000,Binary Search,1,0.20112879999999933,2.550300000002892,2.540500000002055,1000,1000,0,0,0.0
1000000,Binary Search,2,0.20013730000000152,2.567399999996667,2.62469999999837,1000,1000,0,0,0.0
1000000,Hash Table,1,4.236152599999997,1.1644000000003984,0.9642000000056328,1000,1000,0,0,0.0
1000000,Hash Table,2,4.2155494000000004,1.2183999999990647,0.9735000000006266,1000,1000,0,0,0.0
1000000,Bloom Filter,1,2.524099300000003,3.349499999998784,1.9509999999982597,1000,1000,1000,6,0.6
1000000,Bloom Filter,2,2.561854099999998,2.651000000000181,2.0854999999997403,1000,1000,1000,6,0.6
1000000,Cuckoo Filter,1,2.6253856000000013,2.610599999997021,2.6123999999967396,1000,1000,1000,1,0.1
1000000,Cuckoo Filter,2,2.7906455000000037,2.436500000001729,2.601699999999596,1000,1000,1000,1,0.1
10000000,Linear Search,1,0.04126649999999987,57987.422300000006,119768.93220000001,1000,1000,0,0,0.0
10000000,Binary Search,1,3.9523775000000114,4.18510000000083,4.099700000011808,1000,1000,0,0,0.0
10000000,Hash Table,1,41.23337310000002,1.2769000000218966,1.0934000000020205,1000,1000,0,0,0.0
10000000,Bloom Filter,1,62.92037079999997,3.0797000000006847,2.3738000000435022,1000,1000,1000,7,0.7
10000000,Cuckoo Filter,1,25.121449199999972,2.825799999982337,3.106899999977486,1000,1000,1000,1,0.1
