dataset_size,algorithm,runs,build_s,positive_us,negative_us,positive_queries,negative_queries,fpr_queries,fpr_pct
100000,Binary Search,3,0.01397460000000006,1.3133000000005168,1.519300000000001,1000,1000,0,0.0
100000,Bloom Filter,3,0.2445257999999999,2.5087000000008075,2.0911999999997377,1000,1000,1000,0.8
100000,Cuckoo Filter,3,0.2311551999999999,2.380300000000446,2.5006999999996893,1000,1000,1000,0.0
100000,Hash Table,3,0.22862779999999994,1.0265000000000415,0.9225999999999955,1000,1000,0,0.0
100000,Linear Search,3,0.0002564000000000455,528.2388999999998,1099.4353,1000,1000,0,0.0
1000000,Binary Search,2,0.20063305000000042,2.5588499999997794,2.5826000000002125,1000,1000,0,0.0
1000000,Bloom Filter,2,2.5429767000000005,3.0002499999994825,2.018249999999,1000,1000,1000,0.6
1000000,Cuckoo Filter,2,2.7080155500000025,2.523549999999375,2.6070499999981678,1000,1000,1000,0.1
1000000,Hash Table,2,4.225850999999999,1.1913999999997316,0.9688500000031297,1000,1000,0,0.0
1000000,Linear Search,2,0.0041354000000000946,5571.984449999998,11133.105700000004,1000,1000,0,0.0
10000000,Binary Search,1,3.9523775000000114,4.18510000000083,4.099700000011808,1000,1000,0,0.0
10000000,Bloom Filter,1,62.92037079999997,3.0797000000006847,2.3738000000435022,1000,1000,1000,0.7
10000000,Cuckoo Filter,1,25.121449199999972,2.825799999982337,3.106899999977486,1000,1000,1000,0.1
10000000,Hash Table,1,41.23337310000002,1.2769000000218966,1.0934000000020205,1000,1000,0,0.0
10000000,Linear Search,1,0.04126649999999987,57987.422300000006,119768.93220000001,1000,1000,0,0.0
