dataset_size,algorithm,build_ms,positive_us,negative_us,fpr_pct
100,Linear Search,0.001599999999990498,0.6549999999999612,1.1804099999999997,0.0
100,Binary Search,0.008700000000000374,0.3790000000000737,0.45509999999999995,0.0
100,Hash Table,0.1779000000000086,0.6839999999999624,0.6353300000000006,0.0
100,Bloom Filter,0.21680000000001698,2.0890000000001185,1.9527300000000025,0.84
100,Cuckoo Filter,0.24689999999999435,2.0300000000000873,2.0064499999999983,0.16
1000,Linear Search,0.003200000000092018,5.698300000000156,11.169040000000008,0.0
1000,Binary Search,0.07849999999987034,0.6109000000000808,0.7274599999999909,0.0
1000,Hash Table,2.35530000000006,0.6550000000000722,0.6206699999999898,0.0
1000,Bloom Filter,1.9534999999999414,1.9592000000001608,1.937420000000012,0.8
1000,Cuckoo Filter,2.1837000000000106,1.9755999999999663,2.026349999999999,0.06999999999999999
5000,Linear Search,0.008100000000510477,27.377380000000073,54.57530000000004,0.0
5000,Binary Search,0.49329999999958574,0.8155800000000824,0.9407699999999686,0.0
5000,Hash Table,10.580500000000548,0.6555600000000439,0.6473699999999916,0.0
5000,Bloom Filter,9.53930000000014,1.9452199999999922,1.8659599999999443,0.77
5000,Cuckoo Filter,17.830600000000807,1.991999999999905,2.0009799999999522,0.13
10000,Linear Search,0.012900000001536682,54.74842000000004,108.87466999999997,0.0
10000,Binary Search,1.0082000000011249,0.8667100000000261,0.948670000000007,0.0
10000,Hash Table,21.516900000001726,0.6940700000001243,0.6677700000000897,0.0
10000,Bloom Filter,19.63010000000054,1.9649499999999875,1.8586900000002515,0.83
10000,Cuckoo Filter,50.97289999999788,1.8998199999998633,1.9486199999999343,0.08
