dataset_size,algorithm,run,build_ms,positive_us,negative_us,false_positives,fpr_pct
100,Linear Search,1,0.0011999999999998123,0.6499999999999562,1.1746999999999999,0,0.0
100,Linear Search,2,0.0015000000000015001,0.6049999999999806,1.1737400000000002,0,0.0
100,Linear Search,3,0.0015000000000015001,0.6580000000000474,1.2006199999999996,0,0.0
100,Linear Search,4,0.002000000000002,0.6599999999999662,1.7913900000000011,0,0.0
100,Linear Search,5,0.002000000000002,0.8309999999998874,1.4332700000000003,0,0.0
100,Linear Search,6,0.001799999999996249,0.6420000000000037,1.1804099999999997,0,0.0
100,Linear Search,7,0.001599999999990498,0.6549999999999612,1.1797599999999993,0,0.0
100,Binary Search,1,0.009599999999998499,0.43200000000021,0.47704999999999836,0,0.0
100,Binary Search,2,0.02489999999999437,1.634999999999831,0.5620600000000003,0,0.0
100,Binary Search,3,0.010099999999985121,0.3790000000000737,0.4522100000000001,0,0.0
100,Binary Search,4,0.008700000000000374,0.37899999999979617,0.45509999999999995,0,0.0
100,Binary Search,5,0.007399999999990747,0.37800000000004497,0.46650000000000025,0,0.0
100,Binary Search,6,0.007100000000009876,0.37800000000004497,0.44368999999999936,0,0.0
100,Binary Search,7,0.004999999999977245,0.3790000000000737,0.45215000000000116,0,0.0
100,Hash Table,1,0.28440000000001797,0.7030000000002312,0.6500999999999979,0,0.0
100,Hash Table,2,0.17620000000001523,0.7969999999998811,0.6543800000000016,0,0.0
100,Hash Table,3,0.1783000000000201,0.6809999999998761,0.64718,0,0.0
100,Hash Table,4,0.1779000000000086,0.6889999999998286,0.6353300000000006,0,0.0
100,Hash Table,5,0.17889999999998185,0.6680000000000574,0.6348699999999985,0,0.0
100,Hash Table,6,0.17639999999999323,0.5969999999999587,0.6338499999999997,0,0.0
100,Hash Table,7,0.16710000000000336,0.6839999999999624,0.6239300000000003,0,0.0
100,Bloom Filter,1,0.24649999999998284,2.0990000000001285,1.9939499999999997,84,0.84
100,Bloom Filter,2,0.21340000000000248,2.088999999999841,1.9527300000000025,84,0.84
100,Bloom Filter,3,0.22179999999999422,2.0159999999996847,1.9129000000000007,84,0.84
100,Bloom Filter,4,0.20090000000000385,2.0970000000003486,1.9279299999999997,84,0.84
100,Bloom Filter,5,0.43370000000003683,2.087000000000061,1.9232600000000042,84,0.84
100,Bloom Filter,6,0.21680000000001698,2.1019999999999373,1.970329999999998,84,0.84
100,Bloom Filter,7,0.21260000000000723,2.0890000000001185,1.97522,84,0.84
100,Cuckoo Filter,1,0.34640000000002447,2.0300000000000873,2.060850000000003,16,0.16
100,Cuckoo Filter,2,0.25919999999995946,2.0140000000001823,2.0723500000000006,16,0.16
100,Cuckoo Filter,3,0.24689999999999435,2.1140000000002823,2.0029799999999987,16,0.16
100,Cuckoo Filter,4,0.25849999999999485,2.022999999999886,1.963550000000003,16,0.16
100,Cuckoo Filter,5,0.21769999999998735,2.0610000000004236,2.0064499999999983,16,0.16
100,Cuckoo Filter,6,0.23889999999998635,2.051000000000136,1.9992100000000015,16,0.16
100,Cuckoo Filter,7,0.2238999999999991,1.9949999999996362,2.0222900000000044,16,0.16
1000,Linear Search,1,0.0034000000000977693,6.009599999999948,11.106440000000006,0,0.0
1000,Linear Search,2,0.008800000000031005,5.703200000000019,11.231080000000004,0,0.0
1000,Linear Search,3,0.003200000000092018,5.5659000000000125,11.09506,0,0.0
1000,Linear Search,4,0.003599999999992498,5.488800000000071,11.608659999999993,0,0.0
1000,Linear Search,5,0.0029999999999752447,5.855300000000008,11.169040000000008,0,0.0
1000,Linear Search,6,0.003200000000092018,5.49019999999989,11.199310000000008,0,0.0
1000,Linear Search,7,0.0031000000000336314,5.698300000000156,10.946509999999998,0,0.0
1000,Binary Search,1,0.11689999999986433,0.6116000000000454,0.7323799999999991,0,0.0
1000,Binary Search,2,0.08249999999998536,0.6317000000000128,0.7258900000000068,0,0.0
1000,Binary Search,3,0.07420000000002425,0.5915000000000781,0.7596399999999948,0,0.0
1000,Binary Search,4,0.07530000000000037,0.5814000000001762,0.7318500000000006,0,0.0
1000,Binary Search,5,0.07849999999987034,0.6349000000001048,0.7002100000000011,0,0.0
1000,Binary Search,6,0.0821999999998102,0.6109000000000808,0.7274599999999909,0,0.0
1000,Binary Search,7,0.07369999999995436,0.5802999999999781,0.6942699999999968,0,0.0
1000,Hash Table,1,3.2784000000001257,0.6751000000000396,0.6049399999999983,0,0.0
1000,Hash Table,2,2.2884999999999156,0.624299999999911,0.6663200000000202,0,0.0
1000,Hash Table,3,2.5186000000001485,0.6459000000000881,0.6206699999999898,0,0.0
1000,Hash Table,4,2.2869000000000916,0.6550000000000722,0.6636700000000051,0,0.0
1000,Hash Table,5,2.3789000000000726,0.6706000000000767,0.6110199999999955,0,0.0
1000,Hash Table,6,2.3147999999999502,0.70720000000013,0.5968500000000043,0,0.0
1000,Hash Table,7,2.35530000000006,0.6257000000000623,0.64168,0,0.0
1000,Bloom Filter,1,2.081900000000081,1.9207000000001084,1.937420000000012,80,0.8
1000,Bloom Filter,2,1.9079000000001844,1.9869000000001245,2.0006599999999874,80,0.8
1000,Bloom Filter,3,1.9831999999999628,1.9693000000000627,1.92216999999999,80,0.8
1000,Bloom Filter,4,1.89550000000005,1.951000000000036,1.8723500000000115,80,0.8
1000,Bloom Filter,5,1.9534999999999414,1.9065999999998695,1.9415100000000018,80,0.8
1000,Bloom Filter,6,2.0764999999998146,2.1303000000001404,1.8678799999999995,80,0.8
1000,Bloom Filter,7,1.874200000000048,1.9592000000001608,1.9839900000000021,80,0.8
1000,Cuckoo Filter,1,2.234199999999964,1.9755999999999663,2.026349999999999,7,0.06999999999999999
1000,Cuckoo Filter,2,2.0606999999999154,1.8915999999999933,1.9231599999999904,7,0.06999999999999999
1000,Cuckoo Filter,3,1.9747999999999433,1.9696000000000158,2.0511500000000016,7,0.06999999999999999
1000,Cuckoo Filter,4,2.1948000000000523,2.0678999999999004,2.0670900000000048,7,0.06999999999999999
1000,Cuckoo Filter,5,2.1837000000000106,2.1853000000000566,2.087859999999986,7,0.06999999999999999
1000,Cuckoo Filter,6,2.1335999999998467,1.961899999999961,1.942369999999993,7,0.06999999999999999
1000,Cuckoo Filter,7,2.214500000000008,1.9911999999999708,1.9348600000000047,7,0.06999999999999999
5000,Linear Search,1,0.042600000000003746,27.134919999999994,55.14235000000003,0,0.0
5000,Linear Search,2,0.01709999999999212,28.069759999999988,54.61164999999997,0,0.0
5000,Linear Search,3,0.007199999999762952,27.427380000000046,53.932840000000006,0,0.0
5000,Linear Search,4,0.006700000000137152,26.815419999999968,54.71361000000003,0,0.0
5000,Linear Search,5,0.0075999999999964984,27.684139999999857,54.57530000000004,0,0.0
5000,Linear Search,6,0.008800000000697139,27.377380000000073,54.23978000000007,0,0.0
5000,Linear Search,7,0.008100000000510477,27.07299999999986,53.84342000000002,0,0.0
5000,Binary Search,1,0.49389999999949197,0.898100000000035,0.9600999999999972,0,0.0
5000,Binary Search,2,0.5034000000003758,0.8160199999998952,1.013039999999954,0,0.0
5000,Binary Search,3,0.4640999999994122,0.8155800000000824,0.9389000000000536,0,0.0
5000,Binary Search,4,0.49329999999958574,0.7874400000000392,0.9407699999999686,0,0.0
5000,Binary Search,5,0.47189999999996957,0.7718999999999809,0.8767399999999981,0,0.0
5000,Binary Search,6,0.4934999999992584,0.8284800000000203,0.9998500000000021,0,0.0
5000,Binary Search,7,0.47239999999959537,0.7670400000000299,0.8630400000000371,0,0.0
5000,Hash Table,1,10.448600000000141,0.6670800000000199,0.6844300000000025,0,0.0
5000,Hash Table,2,10.580500000000548,0.6469999999998421,0.625449999999983,0,0.0
5000,Hash Table,3,11.090099999999659,0.6555600000000439,0.6547899999999274,0,0.0
5000,Hash Table,4,11.022500000000157,0.7027600000000689,0.6473699999999916,0,0.0
5000,Hash Table,5,10.780599999999474,0.6491199999999253,0.6514400000000364,0,0.0
5000,Hash Table,6,10.428799999999683,0.6567000000000434,0.6462700000000154,0,0.0
5000,Hash Table,7,9.979699999999703,0.6410199999999477,0.6462299999999921,0,0.0
5000,Bloom Filter,1,9.345899999999574,1.9618600000001152,1.9013000000000169,77,0.77
5000,Bloom Filter,2,9.53930000000014,1.8619600000000958,1.792399999999983,77,0.77
5000,Bloom Filter,3,9.321899999999772,1.9452199999999922,1.7845200000000006,77,0.77
5000,Bloom Filter,4,9.596600000000066,1.878939999999929,1.8065100000000278,77,0.77
5000,Bloom Filter,5,9.706299999999501,2.0628199999999097,1.9210499999999797,77,0.77
5000,Bloom Filter,6,9.382599999999464,1.9873199999999256,1.879260000000027,77,0.77
5000,Bloom Filter,7,10.050400000000792,1.9152000000000058,1.8659599999999443,77,0.77
5000,Cuckoo Filter,1,19.27660000000042,2.0845800000000025,2.0307999999999993,13,0.13
5000,Cuckoo Filter,2,18.14980000000066,2.1604800000000424,1.9689899999999483,13,0.13
5000,Cuckoo Filter,3,17.65479999999986,1.9219800000000122,2.0009799999999522,13,0.13
5000,Cuckoo Filter,4,17.830600000000807,1.948920000000065,1.9665700000000008,13,0.13
5000,Cuckoo Filter,5,17.71460000000058,1.968379999999925,1.970659999999924,13,0.13
5000,Cuckoo Filter,6,18.203800000000214,1.991999999999905,2.0248399999999833,13,0.13
5000,Cuckoo Filter,7,17.786599999999986,2.0178400000000707,2.180119999999963,13,0.13
10000,Linear Search,1,0.030500000000266425,54.74842000000004,108.74520000000007,0,0.0
10000,Linear Search,2,0.012900000001536682,56.06317000000001,109.02466999999999,0,0.0
10000,Linear Search,3,0.011799999999340116,54.86422000000015,110.26796999999995,0,0.0
10000,Linear Search,4,0.012400000001022704,54.241910000000004,108.87466999999997,0,0.0
10000,Linear Search,5,0.014800000000647628,55.06702000000008,107.59884,0,0.0
10000,Linear Search,6,0.016099999999852344,53.93300000000014,109.25711000000007,0,0.0
10000,Linear Search,7,0.012600000001583567,54.06926999999975,107.74952000000013,0,0.0
10000,Binary Search,1,1.0532999999988135,0.9467399999998349,1.050989999999885,0,0.0
10000,Binary Search,2,1.1700999999995076,0.8667100000000261,0.9853199999998452,0,0.0
10000,Binary Search,3,1.0082000000011249,0.8333199999999152,0.9624599999998652,0,0.0
10000,Binary Search,4,0.9687999999989927,0.8807399999998466,0.9059200000002932,0,0.0
10000,Binary Search,5,0.984500000001276,0.8709400000000755,0.9239399999998454,0,0.0
10000,Binary Search,6,0.9816000000029135,0.8604800000000523,0.9433399999998926,0,0.0
10000,Binary Search,7,1.0745000000014215,0.847530000000063,0.948670000000007,0,0.0
10000,Hash Table,1,20.702700000001073,0.7349699999998904,0.690140000000028,0,0.0
10000,Hash Table,2,21.516900000001726,0.6839899999999233,0.6413599999998354,0,0.0
10000,Hash Table,3,21.232599999997603,0.6940800000002412,0.6902600000000092,0,0.0
10000,Hash Table,4,22.2775999999989,0.692889999999835,0.6677700000000897,0,0.0
10000,Hash Table,5,20.902700000000607,0.6942500000000962,0.6528199999998208,0,0.0
10000,Hash Table,6,21.717999999999904,0.686030000000315,0.650890000000004,0,0.0
10000,Hash Table,7,21.87210000000306,0.6940700000001243,0.6869399999999359,0,0.0
10000,Bloom Filter,1,19.801499999999805,2.01533999999981,1.8672399999999811,83,0.83
10000,Bloom Filter,2,19.089799999999713,2.025069999999829,1.919929999999681,83,0.83
10000,Bloom Filter,3,20.522799999998398,1.953410000000133,1.7983300000000924,83,0.83
10000,Bloom Filter,4,19.378100000000842,1.9649499999999875,1.8641999999999825,83,0.83
10000,Bloom Filter,5,19.744500000001608,1.9599800000001721,1.8586900000002515,83,0.83
10000,Bloom Filter,6,19.63010000000054,1.9805800000000318,1.8185100000000176,83,0.83
10000,Bloom Filter,7,18.92819999999773,1.9129500000001796,1.8193300000000079,83,0.83
10000,Cuckoo Filter,1,52.80989999999974,1.879950000000008,1.9433099999996983,8,0.08
10000,Cuckoo Filter,2,49.39979999999977,1.932050000000274,1.9114699999999376,8,0.08
10000,Cuckoo Filter,3,52.223699999998985,2.0294400000000934,1.978430000000131,8,0.08
10000,Cuckoo Filter,4,50.97289999999788,1.906590000000108,1.9486199999999343,8,0.08
10000,Cuckoo Filter,5,49.39040000000006,1.8787400000000787,1.9682899999999395,8,0.08
10000,Cuckoo Filter,6,51.95140000000009,1.8998199999998633,2.1362800000002125,8,0.08
10000,Cuckoo Filter,7,49.88919999999908,1.8764599999997245,1.9107200000000546,8,0.08
